corr_mSQI_px,corr_mSQI_py,corr_mSQI_pz,corr_mSQI_pxyz
-0.177787220256753,-0.625707356192404,-0.620438918577406,-0.621146391750893
