corr_mSQI_px,corr_mSQI_py,corr_mSQI_pz,corr_mSQI_pxyz
-0.094249427079015,-0.0108949234033832,-0.33140883372719,-0.176828066669318
