corr_mSQI_px,corr_mSQI_py,corr_mSQI_pz,corr_mSQI_pxyz
-0.409299411058003,-0.491364623934398,-0.468666608916628,-0.498720912652115
