corr_mSQI_px,corr_mSQI_py,corr_mSQI_pz,corr_mSQI_pxyz
-0.220481986828521,-0.2133882980692,-0.27845244813656,-0.225971170422431
