corr_mSQI_px,corr_mSQI_py,corr_mSQI_pz,corr_mSQI_pxyz
-0.705000155975844,-0.751730131486706,-0.788854249767671,-0.777774974603815
