corr_mSQI_px,corr_mSQI_py,corr_mSQI_pz,corr_mSQI_pxyz
-0.169708295217823,0.00930520047202127,-0.0930030891175715,-0.105670956940814
