corr_mSQI_px,corr_mSQI_py,corr_mSQI_pz,corr_mSQI_pxyz
-0.597133046461962,-0.602821629160664,-0.549347609945274,-0.71199975281634
